[
  {
    "id": "/subscriptions/c2397ac1-f8a2-4424-bb35-dc8c93c1a3c7/resourceGroups/AZ900-RG/providers/Microsoft.Resources/deployments/Microsoft.StorageAccount-20200423101403/operations/82B7449A023D7A65",
    "operationId": "82B7449A023D7A65",
    "properties": {
      "provisioningOperation": "Create",
      "provisioningState": "Succeeded",
      "timestamp": "2020-04-23T04:47:20.5689351Z",
      "duration": "PT28.9507756S",
      "trackingId": "f7089a86-b136-4c27-8736-f1e4d12acdcf",
      "statusCode": "OK",
      "targetResource": {
        "id": "/subscriptions/c2397ac1-f8a2-4424-bb35-dc8c93c1a3c7/resourceGroups/AZ900-RG/providers/Microsoft.Storage/storageAccounts/az900storageaccountaz900",
        "resourceType": "Microsoft.Storage/storageAccounts",
        "resourceName": "az900storageaccountaz900"
      }
    }
  },
  {
    "id": "/subscriptions/c2397ac1-f8a2-4424-bb35-dc8c93c1a3c7/resourceGroups/AZ900-RG/providers/Microsoft.Resources/deployments/Microsoft.StorageAccount-20200423101403/operations/08586139896766516378",
    "operationId": "08586139896766516378",
    "properties": {
      "provisioningOperation": "EvaluateDeploymentOutput",
      "provisioningState": "Succeeded",
      "timestamp": "2020-04-23T04:47:20.671275Z",
      "duration": "PT0.0480045S",
      "trackingId": "9c392abc-2fed-42f0-9538-f600d4c3f269",
      "statusCode": "OK",
      "statusMessage": null
    }
  }
]