{
  "id": "/subscriptions/c2397ac1-f8a2-4424-bb35-dc8c93c1a3c7/resourceGroups/AZ900-RG/providers/Microsoft.Resources/deployments/Microsoft.StorageAccount-20200423101403",
  "name": "Microsoft.StorageAccount-20200423101403",
  "type": "Microsoft.Resources/deployments",
  "tags": {
    "primaryResourceId": "/subscriptions/c2397ac1-f8a2-4424-bb35-dc8c93c1a3c7/resourcegroups/AZ900-RG/providers/Microsoft.Storage/storageAccounts/az900storageaccountaz900",
    "marketplaceItemId": "Microsoft.StorageAccount-ARM"
  },
  "properties": {
    "templateHash": "18402324448647266742",
    "parameters": {
      "location": {
        "type": "String",
        "value": "westeurope"
      },
      "storageAccountName": {
        "type": "String",
        "value": "az900storageaccountaz900"
      },
      "accountType": {
        "type": "String",
        "value": "Standard_RAGRS"
      },
      "kind": {
        "type": "String",
        "value": "StorageV2"
      },
      "accessTier": {
        "type": "String",
        "value": "Hot"
      },
      "supportsHttpsTrafficOnly": {
        "type": "Bool",
        "value": true
      }
    },
    "mode": "Incremental",
    "debugSetting": {
      "detailLevel": "None"
    },
    "provisioningState": "Succeeded",
    "timestamp": "2020-04-23T04:47:20.7019535Z",
    "duration": "PT31.8759662S",
    "correlationId": "b61da5ac-8f76-487d-b023-c8b29342e7ed",
    "providers": [
      {
        "namespace": "Microsoft.Storage",
        "resourceTypes": [
          {
            "resourceType": "storageAccounts",
            "locations": [
              "westeurope"
            ]
          }
        ]
      }
    ],
    "dependencies": [],
    "outputs": {},
    "outputResources": [
      {
        "id": "/subscriptions/c2397ac1-f8a2-4424-bb35-dc8c93c1a3c7/resourceGroups/AZ900-RG/providers/Microsoft.Storage/storageAccounts/az900storageaccountaz900"
      }
    ],
    "validationLevel": "Template"
  }
}