[
  {
    "id": "/subscriptions/c2397ac1-f8a2-4424-bb35-dc8c93c1a3c7/resourceGroups/AZ900-RG/providers/Microsoft.Resources/deployments/CreateVm-Canonical.UbuntuServer-18.04-LTS-20200419200717/operations/693710ECB9D71B7A",
    "operationId": "693710ECB9D71B7A",
    "properties": {
      "provisioningOperation": "Create",
      "provisioningState": "Running",
      "timestamp": "2020-04-19T14:42:10.0213091Z",
      "duration": "PT17.2094677S",
      "trackingId": "bd3aa6d2-60a4-4525-a97d-4f14da57eb86",
      "statusCode": "Created",
      "targetResource": {
        "id": "/subscriptions/c2397ac1-f8a2-4424-bb35-dc8c93c1a3c7/resourceGroups/AZ900-RG/providers/Microsoft.Network/publicIpAddresses/WebServer01-PIP",
        "resourceType": "Microsoft.Network/publicIpAddresses",
        "resourceName": "WebServer01-PIP"
      }
    }
  },
  {
    "id": "/subscriptions/c2397ac1-f8a2-4424-bb35-dc8c93c1a3c7/resourceGroups/AZ900-RG/providers/Microsoft.Resources/deployments/CreateVm-Canonical.UbuntuServer-18.04-LTS-20200419200717/operations/ED1D94166AB332BE",
    "operationId": "ED1D94166AB332BE",
    "properties": {
      "provisioningOperation": "Create",
      "provisioningState": "Running",
      "timestamp": "2020-04-19T14:42:09.9389006Z",
      "duration": "PT17.1270592S",
      "trackingId": "f3297b87-fdd0-4326-9b31-25fae9132576",
      "statusCode": "Created",
      "targetResource": {
        "id": "/subscriptions/c2397ac1-f8a2-4424-bb35-dc8c93c1a3c7/resourceGroups/AZ900-RG/providers/Microsoft.Network/networkSecurityGroups/WebServer01nsg742",
        "resourceType": "Microsoft.Network/networkSecurityGroups",
        "resourceName": "WebServer01nsg742"
      }
    }
  }
]