{
  "id": "/subscriptions/c2397ac1-f8a2-4424-bb35-dc8c93c1a3c7/resourceGroups/AZ900-RG/providers/Microsoft.Resources/deployments/CreateVm-Canonical.UbuntuServer-18.04-LTS-20200419200717",
  "name": "CreateVm-Canonical.UbuntuServer-18.04-LTS-20200419200717",
  "type": "Microsoft.Resources/deployments",
  "tags": {
    "primaryResourceId": "/subscriptions/c2397ac1-f8a2-4424-bb35-dc8c93c1a3c7/resourcegroups/AZ900-RG/providers/Microsoft.Compute/virtualMachines/WebServer01",
    "marketplaceItemId": "Canonical.UbuntuServer1804LTS-ARM",
    "provisioningHash": "SolutionProvider"
  },
  "properties": {
    "templateHash": "15732241347579544884",
    "parameters": {
      "location": {
        "type": "String",
        "value": "westeurope"
      },
      "networkInterfaceName": {
        "type": "String",
        "value": "webserver01655"
      },
      "backendPoolId": {
        "type": "String",
        "value": "/subscriptions/c2397ac1-f8a2-4424-bb35-dc8c93c1a3c7/resourceGroups/AZ900-RG/providers/Microsoft.Network/loadBalancers/LoadBalancer-AZ900/backendAddressPools/Backend-Pool-AZ900"
      },
      "networkSecurityGroupName": {
        "type": "String",
        "value": "WebServer01nsg742"
      },
      "networkSecurityGroupRules": {
        "type": "Array",
        "value": [
          {
            "name": "SSH",
            "properties": {
              "priority": 300,
              "protocol": "TCP",
              "access": "Allow",
              "direction": "Inbound",
              "sourceAddressPrefix": "*",
              "sourcePortRange": "*",
              "destinationAddressPrefix": "*",
              "destinationPortRange": "22"
            }
          }
        ]
      },
      "subnetName": {
        "type": "String",
        "value": "Subnet1"
      },
      "virtualNetworkId": {
        "type": "String",
        "value": "/subscriptions/c2397ac1-f8a2-4424-bb35-dc8c93c1a3c7/resourceGroups/AZ900-RG/providers/Microsoft.Network/virtualNetworks/AZ900-Vnet"
      },
      "publicIpAddressName": {
        "type": "String",
        "value": "WebServer01-PIP"
      },
      "publicIpAddressType": {
        "type": "String",
        "value": "Static"
      },
      "publicIpAddressSku": {
        "type": "String",
        "value": "Standard"
      },
      "virtualMachineName": {
        "type": "String",
        "value": "WebServer01"
      },
      "virtualMachineRG": {
        "type": "String",
        "value": "AZ900-RG"
      },
      "osDiskType": {
        "type": "String",
        "value": "Premium_LRS"
      },
      "virtualMachineSize": {
        "type": "String",
        "value": "Standard_B1ls"
      },
      "adminUsername": {
        "type": "String",
        "value": "PrashantWalunj"
      },
      "adminPassword": {
        "type": "SecureString"
      },
      "diagnosticsStorageAccountName": {
        "type": "String",
        "value": "az900rgdiag246"
      },
      "diagnosticsStorageAccountId": {
        "type": "String",
        "value": "/subscriptions/c2397ac1-f8a2-4424-bb35-dc8c93c1a3c7/resourceGroups/AZ900-RG/providers/Microsoft.Storage/storageAccounts/az900rgdiag246"
      },
      "zone": {
        "type": "String",
        "value": "1"
      }
    },
    "mode": "Incremental",
    "debugSetting": {
      "detailLevel": "None"
    },
    "provisioningState": "Running",
    "timestamp": "2020-04-19T14:42:09.8980707Z",
    "duration": "PT21.4075325S",
    "correlationId": "8c079cc7-977e-4912-b9be-e35841bdfa05",
    "providers": [
      {
        "namespace": "Microsoft.Network",
        "resourceTypes": [
          {
            "resourceType": "networkInterfaces",
            "locations": [
              "westeurope"
            ]
          },
          {
            "resourceType": "networkSecurityGroups",
            "locations": [
              "westeurope"
            ]
          },
          {
            "resourceType": "publicIpAddresses",
            "locations": [
              "westeurope"
            ]
          }
        ]
      },
      {
        "namespace": "Microsoft.Compute",
        "resourceTypes": [
          {
            "resourceType": "virtualMachines",
            "locations": [
              "westeurope"
            ]
          }
        ]
      }
    ],
    "dependencies": [
      {
        "dependsOn": [
          {
            "id": "/subscriptions/c2397ac1-f8a2-4424-bb35-dc8c93c1a3c7/resourceGroups/AZ900-RG/providers/Microsoft.Network/networkSecurityGroups/WebServer01nsg742",
            "resourceType": "Microsoft.Network/networkSecurityGroups",
            "resourceName": "WebServer01nsg742"
          },
          {
            "id": "/subscriptions/c2397ac1-f8a2-4424-bb35-dc8c93c1a3c7/resourceGroups/AZ900-RG/providers/Microsoft.Network/publicIpAddresses/WebServer01-PIP",
            "resourceType": "Microsoft.Network/publicIpAddresses",
            "resourceName": "WebServer01-PIP"
          }
        ],
        "id": "/subscriptions/c2397ac1-f8a2-4424-bb35-dc8c93c1a3c7/resourceGroups/AZ900-RG/providers/Microsoft.Network/networkInterfaces/webserver01655",
        "resourceType": "Microsoft.Network/networkInterfaces",
        "resourceName": "webserver01655"
      },
      {
        "dependsOn": [
          {
            "id": "/subscriptions/c2397ac1-f8a2-4424-bb35-dc8c93c1a3c7/resourceGroups/AZ900-RG/providers/Microsoft.Network/networkInterfaces/webserver01655",
            "resourceType": "Microsoft.Network/networkInterfaces",
            "resourceName": "webserver01655"
          }
        ],
        "id": "/subscriptions/c2397ac1-f8a2-4424-bb35-dc8c93c1a3c7/resourceGroups/AZ900-RG/providers/Microsoft.Compute/virtualMachines/WebServer01",
        "resourceType": "Microsoft.Compute/virtualMachines",
        "resourceName": "WebServer01"
      }
    ],
    "validationLevel": "Template"
  }
}