[
  {
    "id": "/subscriptions/c2397ac1-f8a2-4424-bb35-dc8c93c1a3c7/resourceGroups/AZ900-RG/providers/Microsoft.Resources/deployments/CreateVm-MicrosoftWindowsServer.WindowsServer-201-20200423110427/operations/4D786A17B40A75DB",
    "operationId": "4D786A17B40A75DB",
    "properties": {
      "provisioningOperation": "Create",
      "provisioningState": "Running",
      "timestamp": "2020-04-23T05:38:41.5724924Z",
      "duration": "PT3.6984593S",
      "trackingId": "ff6c0a3f-a63d-4258-ae2a-9050bbb1164d",
      "statusCode": "Created",
      "targetResource": {
        "id": "/subscriptions/c2397ac1-f8a2-4424-bb35-dc8c93c1a3c7/resourceGroups/AZ900-RG/providers/Microsoft.Compute/virtualMachines/WindowsVM01",
        "resourceType": "Microsoft.Compute/virtualMachines",
        "resourceName": "WindowsVM01"
      }
    }
  },
  {
    "id": "/subscriptions/c2397ac1-f8a2-4424-bb35-dc8c93c1a3c7/resourceGroups/AZ900-RG/providers/Microsoft.Resources/deployments/CreateVm-MicrosoftWindowsServer.WindowsServer-201-20200423110427/operations/A5530F46C317417C",
    "operationId": "A5530F46C317417C",
    "properties": {
      "provisioningOperation": "Create",
      "provisioningState": "Succeeded",
      "timestamp": "2020-04-23T05:38:37.8155492Z",
      "duration": "PT3.781793S",
      "trackingId": "324b7c6e-b97f-4d13-9890-2fa82ed72397",
      "statusCode": "Created",
      "targetResource": {
        "id": "/subscriptions/c2397ac1-f8a2-4424-bb35-dc8c93c1a3c7/resourceGroups/AZ900-RG/providers/Microsoft.Network/networkInterfaces/windowsvm01619",
        "resourceType": "Microsoft.Network/networkInterfaces",
        "resourceName": "windowsvm01619"
      }
    }
  },
  {
    "id": "/subscriptions/c2397ac1-f8a2-4424-bb35-dc8c93c1a3c7/resourceGroups/AZ900-RG/providers/Microsoft.Resources/deployments/CreateVm-MicrosoftWindowsServer.WindowsServer-201-20200423110427/operations/E8D2D42737DE553C",
    "operationId": "E8D2D42737DE553C",
    "properties": {
      "provisioningOperation": "Create",
      "provisioningState": "Succeeded",
      "timestamp": "2020-04-23T05:38:32.0180203Z",
      "duration": "PT9.6341458S",
      "trackingId": "985b6e00-0816-42cd-86b9-1be127da945e",
      "statusCode": "OK",
      "targetResource": {
        "id": "/subscriptions/c2397ac1-f8a2-4424-bb35-dc8c93c1a3c7/resourceGroups/AZ900-RG/providers/Microsoft.Network/virtualNetworks/AZ900-RG-vnet",
        "resourceType": "Microsoft.Network/virtualNetworks",
        "resourceName": "AZ900-RG-vnet"
      }
    }
  },
  {
    "id": "/subscriptions/c2397ac1-f8a2-4424-bb35-dc8c93c1a3c7/resourceGroups/AZ900-RG/providers/Microsoft.Resources/deployments/CreateVm-MicrosoftWindowsServer.WindowsServer-201-20200423110427/operations/5C882D698D6B811D",
    "operationId": "5C882D698D6B811D",
    "properties": {
      "provisioningOperation": "Create",
      "provisioningState": "Succeeded",
      "timestamp": "2020-04-23T05:38:31.7458147Z",
      "duration": "PT9.3619402S",
      "trackingId": "1b06f5b2-975b-49b8-9d9f-5cd8afc15b86",
      "statusCode": "OK",
      "targetResource": {
        "id": "/subscriptions/c2397ac1-f8a2-4424-bb35-dc8c93c1a3c7/resourceGroups/AZ900-RG/providers/Microsoft.Network/networkSecurityGroups/WindowsVM01-nsg",
        "resourceType": "Microsoft.Network/networkSecurityGroups",
        "resourceName": "WindowsVM01-nsg"
      }
    }
  },
  {
    "id": "/subscriptions/c2397ac1-f8a2-4424-bb35-dc8c93c1a3c7/resourceGroups/AZ900-RG/providers/Microsoft.Resources/deployments/CreateVm-MicrosoftWindowsServer.WindowsServer-201-20200423110427/operations/0A8278682954F569",
    "operationId": "0A8278682954F569",
    "properties": {
      "provisioningOperation": "Create",
      "provisioningState": "Succeeded",
      "timestamp": "2020-04-23T05:38:31.9602644Z",
      "duration": "PT9.5763899S",
      "trackingId": "134ad656-f987-43d1-aa08-33abeb9ef83f",
      "statusCode": "OK",
      "targetResource": {
        "id": "/subscriptions/c2397ac1-f8a2-4424-bb35-dc8c93c1a3c7/resourceGroups/AZ900-RG/providers/Microsoft.Network/publicIpAddresses/WindowsVM01-ip",
        "resourceType": "Microsoft.Network/publicIpAddresses",
        "resourceName": "WindowsVM01-ip"
      }
    }
  }
]