{
  "id": "/subscriptions/c2397ac1-f8a2-4424-bb35-dc8c93c1a3c7/resourceGroups/AZ900-RG/providers/Microsoft.Resources/deployments/CreateVm-MicrosoftWindowsServer.WindowsServer-201-20200423110427",
  "name": "CreateVm-MicrosoftWindowsServer.WindowsServer-201-20200423110427",
  "type": "Microsoft.Resources/deployments",
  "tags": {
    "primaryResourceId": "/subscriptions/c2397ac1-f8a2-4424-bb35-dc8c93c1a3c7/resourcegroups/AZ900-RG/providers/Microsoft.Compute/virtualMachines/WindowsVM01",
    "marketplaceItemId": "Microsoft.WindowsServer2016Datacenter-ARM",
    "provisioningHash": "SolutionProvider"
  },
  "properties": {
    "templateHash": "13434238679352621174",
    "parameters": {
      "location": {
        "type": "String",
        "value": "westus"
      },
      "networkInterfaceName": {
        "type": "String",
        "value": "windowsvm01619"
      },
      "networkSecurityGroupName": {
        "type": "String",
        "value": "WindowsVM01-nsg"
      },
      "networkSecurityGroupRules": {
        "type": "Array",
        "value": [
          {
            "name": "RDP",
            "properties": {
              "priority": 300,
              "protocol": "TCP",
              "access": "Allow",
              "direction": "Inbound",
              "sourceAddressPrefix": "*",
              "sourcePortRange": "*",
              "destinationAddressPrefix": "*",
              "destinationPortRange": "3389"
            }
          }
        ]
      },
      "subnetName": {
        "type": "String",
        "value": "default"
      },
      "virtualNetworkName": {
        "type": "String",
        "value": "AZ900-RG-vnet"
      },
      "addressPrefixes": {
        "type": "Array",
        "value": [
          "10.1.0.0/24"
        ]
      },
      "subnets": {
        "type": "Array",
        "value": [
          {
            "name": "default",
            "properties": {
              "addressPrefix": "10.1.0.0/24"
            }
          }
        ]
      },
      "publicIpAddressName": {
        "type": "String",
        "value": "WindowsVM01-ip"
      },
      "publicIpAddressType": {
        "type": "String",
        "value": "Dynamic"
      },
      "publicIpAddressSku": {
        "type": "String",
        "value": "Basic"
      },
      "virtualMachineName": {
        "type": "String",
        "value": "WindowsVM01"
      },
      "virtualMachineRG": {
        "type": "String",
        "value": "AZ900-RG"
      },
      "osDiskType": {
        "type": "String",
        "value": "Premium_LRS"
      },
      "virtualMachineSize": {
        "type": "String",
        "value": "Standard_B2s"
      },
      "adminUsername": {
        "type": "String",
        "value": "PrashantWalunj"
      },
      "adminPassword": {
        "type": "SecureString"
      },
      "diagnosticsStorageAccountName": {
        "type": "String",
        "value": "storageaccountaz9008e68"
      },
      "diagnosticsStorageAccountId": {
        "type": "String",
        "value": "/subscriptions/c2397ac1-f8a2-4424-bb35-dc8c93c1a3c7/resourceGroups/AZ900-RG/providers/Microsoft.Storage/storageAccounts/storageaccountaz9008e68"
      }
    },
    "mode": "Incremental",
    "debugSetting": {
      "detailLevel": "None"
    },
    "provisioningState": "Succeeded",
    "timestamp": "2020-04-23T05:40:31.5366704Z",
    "duration": "PT2M11.8141421S",
    "correlationId": "de45559b-4849-4c87-ba00-700238d7386d",
    "providers": [
      {
        "namespace": "Microsoft.Network",
        "resourceTypes": [
          {
            "resourceType": "networkInterfaces",
            "locations": [
              "westus"
            ]
          },
          {
            "resourceType": "networkSecurityGroups",
            "locations": [
              "westus"
            ]
          },
          {
            "resourceType": "virtualNetworks",
            "locations": [
              "westus"
            ]
          },
          {
            "resourceType": "publicIpAddresses",
            "locations": [
              "westus"
            ]
          }
        ]
      },
      {
        "namespace": "Microsoft.Compute",
        "resourceTypes": [
          {
            "resourceType": "virtualMachines",
            "locations": [
              "westus"
            ]
          }
        ]
      }
    ],
    "dependencies": [
      {
        "dependsOn": [
          {
            "id": "/subscriptions/c2397ac1-f8a2-4424-bb35-dc8c93c1a3c7/resourceGroups/AZ900-RG/providers/Microsoft.Network/networkSecurityGroups/WindowsVM01-nsg",
            "resourceType": "Microsoft.Network/networkSecurityGroups",
            "resourceName": "WindowsVM01-nsg"
          },
          {
            "id": "/subscriptions/c2397ac1-f8a2-4424-bb35-dc8c93c1a3c7/resourceGroups/AZ900-RG/providers/Microsoft.Network/virtualNetworks/AZ900-RG-vnet",
            "resourceType": "Microsoft.Network/virtualNetworks",
            "resourceName": "AZ900-RG-vnet"
          },
          {
            "id": "/subscriptions/c2397ac1-f8a2-4424-bb35-dc8c93c1a3c7/resourceGroups/AZ900-RG/providers/Microsoft.Network/publicIpAddresses/WindowsVM01-ip",
            "resourceType": "Microsoft.Network/publicIpAddresses",
            "resourceName": "WindowsVM01-ip"
          }
        ],
        "id": "/subscriptions/c2397ac1-f8a2-4424-bb35-dc8c93c1a3c7/resourceGroups/AZ900-RG/providers/Microsoft.Network/networkInterfaces/windowsvm01619",
        "resourceType": "Microsoft.Network/networkInterfaces",
        "resourceName": "windowsvm01619"
      },
      {
        "dependsOn": [
          {
            "id": "/subscriptions/c2397ac1-f8a2-4424-bb35-dc8c93c1a3c7/resourceGroups/AZ900-RG/providers/Microsoft.Network/networkInterfaces/windowsvm01619",
            "resourceType": "Microsoft.Network/networkInterfaces",
            "resourceName": "windowsvm01619"
          }
        ],
        "id": "/subscriptions/c2397ac1-f8a2-4424-bb35-dc8c93c1a3c7/resourceGroups/AZ900-RG/providers/Microsoft.Compute/virtualMachines/WindowsVM01",
        "resourceType": "Microsoft.Compute/virtualMachines",
        "resourceName": "WindowsVM01"
      }
    ],
    "outputs": {
      "adminUsername": {
        "type": "String",
        "value": "PrashantWalunj"
      }
    },
    "outputResources": [
      {
        "id": "/subscriptions/c2397ac1-f8a2-4424-bb35-dc8c93c1a3c7/resourceGroups/AZ900-RG/providers/Microsoft.Compute/virtualMachines/WindowsVM01"
      },
      {
        "id": "/subscriptions/c2397ac1-f8a2-4424-bb35-dc8c93c1a3c7/resourceGroups/AZ900-RG/providers/Microsoft.Network/networkInterfaces/windowsvm01619"
      },
      {
        "id": "/subscriptions/c2397ac1-f8a2-4424-bb35-dc8c93c1a3c7/resourceGroups/AZ900-RG/providers/Microsoft.Network/networkSecurityGroups/WindowsVM01-nsg"
      },
      {
        "id": "/subscriptions/c2397ac1-f8a2-4424-bb35-dc8c93c1a3c7/resourceGroups/AZ900-RG/providers/Microsoft.Network/publicIpAddresses/WindowsVM01-ip"
      },
      {
        "id": "/subscriptions/c2397ac1-f8a2-4424-bb35-dc8c93c1a3c7/resourceGroups/AZ900-RG/providers/Microsoft.Network/virtualNetworks/AZ900-RG-vnet"
      }
    ],
    "validationLevel": "Template"
  }
}