{
  "id": "/subscriptions/c2397ac1-f8a2-4424-bb35-dc8c93c1a3c7/resourceGroups/AZ900-RG/providers/Microsoft.Resources/deployments/CreateVm-MicrosoftWindowsServer.WindowsServer-201-20200423113501",
  "name": "CreateVm-MicrosoftWindowsServer.WindowsServer-201-20200423113501",
  "type": "Microsoft.Resources/deployments",
  "tags": {
    "primaryResourceId": "/subscriptions/c2397ac1-f8a2-4424-bb35-dc8c93c1a3c7/resourcegroups/AZ900-RG/providers/Microsoft.Compute/virtualMachines/WindowsVM02",
    "marketplaceItemId": "Microsoft.WindowsServer2016Datacenter-ARM",
    "provisioningHash": "SolutionProvider"
  },
  "properties": {
    "templateHash": "9736903446759993956",
    "parameters": {
      "location": {
        "type": "String",
        "value": "westus"
      },
      "networkInterfaceName": {
        "type": "String",
        "value": "windowsvm02844"
      },
      "networkSecurityGroupName": {
        "type": "String",
        "value": "WindowsVM02-nsg"
      },
      "networkSecurityGroupRules": {
        "type": "Array",
        "value": [
          {
            "name": "RDP",
            "properties": {
              "priority": 300,
              "protocol": "TCP",
              "access": "Allow",
              "direction": "Inbound",
              "sourceAddressPrefix": "*",
              "sourcePortRange": "*",
              "destinationAddressPrefix": "*",
              "destinationPortRange": "3389"
            }
          }
        ]
      },
      "subnetName": {
        "type": "String",
        "value": "default"
      },
      "virtualNetworkId": {
        "type": "String",
        "value": "/subscriptions/c2397ac1-f8a2-4424-bb35-dc8c93c1a3c7/resourceGroups/AZ900-RG/providers/Microsoft.Network/virtualNetworks/AZ900-RG-vnet"
      },
      "publicIpAddressName": {
        "type": "String",
        "value": "WindowsVM02-ip"
      },
      "publicIpAddressType": {
        "type": "String",
        "value": "Dynamic"
      },
      "publicIpAddressSku": {
        "type": "String",
        "value": "Basic"
      },
      "virtualMachineName": {
        "type": "String",
        "value": "WindowsVM02"
      },
      "virtualMachineRG": {
        "type": "String",
        "value": "AZ900-RG"
      },
      "osDiskType": {
        "type": "String",
        "value": "Premium_LRS"
      },
      "virtualMachineSize": {
        "type": "String",
        "value": "Standard_B2s"
      },
      "adminUsername": {
        "type": "String",
        "value": "PrashantWalunj"
      },
      "adminPassword": {
        "type": "SecureString"
      },
      "diagnosticsStorageAccountName": {
        "type": "String",
        "value": "storageaccountaz9008e68"
      },
      "diagnosticsStorageAccountId": {
        "type": "String",
        "value": "/subscriptions/c2397ac1-f8a2-4424-bb35-dc8c93c1a3c7/resourceGroups/AZ900-RG/providers/Microsoft.Storage/storageAccounts/storageaccountaz9008e68"
      }
    },
    "mode": "Incremental",
    "debugSetting": {
      "detailLevel": "None"
    },
    "provisioningState": "Running",
    "timestamp": "2020-04-23T06:17:50.679284Z",
    "duration": "PT7.7176649S",
    "correlationId": "450423b4-95d8-499e-ade3-ed69141b8a2b",
    "providers": [
      {
        "namespace": "Microsoft.Network",
        "resourceTypes": [
          {
            "resourceType": "networkInterfaces",
            "locations": [
              "westus"
            ]
          },
          {
            "resourceType": "networkSecurityGroups",
            "locations": [
              "westus"
            ]
          },
          {
            "resourceType": "publicIpAddresses",
            "locations": [
              "westus"
            ]
          }
        ]
      },
      {
        "namespace": "Microsoft.Compute",
        "resourceTypes": [
          {
            "resourceType": "virtualMachines",
            "locations": [
              "westus"
            ]
          }
        ]
      }
    ],
    "dependencies": [
      {
        "dependsOn": [
          {
            "id": "/subscriptions/c2397ac1-f8a2-4424-bb35-dc8c93c1a3c7/resourceGroups/AZ900-RG/providers/Microsoft.Network/networkSecurityGroups/WindowsVM02-nsg",
            "resourceType": "Microsoft.Network/networkSecurityGroups",
            "resourceName": "WindowsVM02-nsg"
          },
          {
            "id": "/subscriptions/c2397ac1-f8a2-4424-bb35-dc8c93c1a3c7/resourceGroups/AZ900-RG/providers/Microsoft.Network/publicIpAddresses/WindowsVM02-ip",
            "resourceType": "Microsoft.Network/publicIpAddresses",
            "resourceName": "WindowsVM02-ip"
          }
        ],
        "id": "/subscriptions/c2397ac1-f8a2-4424-bb35-dc8c93c1a3c7/resourceGroups/AZ900-RG/providers/Microsoft.Network/networkInterfaces/windowsvm02844",
        "resourceType": "Microsoft.Network/networkInterfaces",
        "resourceName": "windowsvm02844"
      },
      {
        "dependsOn": [
          {
            "id": "/subscriptions/c2397ac1-f8a2-4424-bb35-dc8c93c1a3c7/resourceGroups/AZ900-RG/providers/Microsoft.Network/networkInterfaces/windowsvm02844",
            "resourceType": "Microsoft.Network/networkInterfaces",
            "resourceName": "windowsvm02844"
          }
        ],
        "id": "/subscriptions/c2397ac1-f8a2-4424-bb35-dc8c93c1a3c7/resourceGroups/AZ900-RG/providers/Microsoft.Compute/virtualMachines/WindowsVM02",
        "resourceType": "Microsoft.Compute/virtualMachines",
        "resourceName": "WindowsVM02"
      }
    ],
    "validationLevel": "Template"
  }
}