[
  {
    "id": "/subscriptions/c2397ac1-f8a2-4424-bb35-dc8c93c1a3c7/resourceGroups/AZ900-RG/providers/Microsoft.Resources/deployments/Microsoft.SQLDatabase.newDatabaseNewServer_060233c22d8f41ceb547c/operations/49025FA2D79C9BD0",
    "operationId": "49025FA2D79C9BD0",
    "properties": {
      "provisioningOperation": "Create",
      "provisioningState": "Running",
      "timestamp": "2020-04-25T15:03:00.0689633Z",
      "duration": "PT4.5468043S",
      "trackingId": "ea9fb545-d818-4e19-8204-037e0b511a91",
      "statusCode": "Accepted",
      "targetResource": {
        "id": "/subscriptions/c2397ac1-f8a2-4424-bb35-dc8c93c1a3c7/resourceGroups/AZ900-RG/providers/Microsoft.Sql/servers/az900-sqlserver/databases/az900-database",
        "resourceType": "Microsoft.Sql/servers/databases",
        "resourceName": "az900-sqlserver/az900-database"
      }
    }
  },
  {
    "id": "/subscriptions/c2397ac1-f8a2-4424-bb35-dc8c93c1a3c7/resourceGroups/AZ900-RG/providers/Microsoft.Resources/deployments/Microsoft.SQLDatabase.newDatabaseNewServer_060233c22d8f41ceb547c/operations/42FB38D3175CDD3F",
    "operationId": "42FB38D3175CDD3F",
    "properties": {
      "provisioningOperation": "Create",
      "provisioningState": "Succeeded",
      "timestamp": "2020-04-25T15:02:57.2537682Z",
      "duration": "PT1.7316092S",
      "trackingId": "859fd097-471b-4261-b4ae-8bc463162df3",
      "statusCode": "Created",
      "targetResource": {
        "id": "/subscriptions/c2397ac1-f8a2-4424-bb35-dc8c93c1a3c7/resourceGroups/AZ900-RG/providers/Microsoft.Sql/servers/az900-sqlserver/firewallrules/ClientIp-2020-4-25_20-31-43",
        "resourceType": "Microsoft.Sql/servers/firewallrules",
        "resourceName": "az900-sqlserver/ClientIp-2020-4-25_20-31-43"
      }
    }
  },
  {
    "id": "/subscriptions/c2397ac1-f8a2-4424-bb35-dc8c93c1a3c7/resourceGroups/AZ900-RG/providers/Microsoft.Resources/deployments/Microsoft.SQLDatabase.newDatabaseNewServer_060233c22d8f41ceb547c/operations/EBD4EE2403132B78",
    "operationId": "EBD4EE2403132B78",
    "properties": {
      "provisioningOperation": "Create",
      "provisioningState": "Succeeded",
      "timestamp": "2020-04-25T15:02:56.8681305Z",
      "duration": "PT1.3459715S",
      "trackingId": "3d56afd3-3f61-4890-ab1f-bfad6762961f",
      "statusCode": "Created",
      "targetResource": {
        "id": "/subscriptions/c2397ac1-f8a2-4424-bb35-dc8c93c1a3c7/resourceGroups/AZ900-RG/providers/Microsoft.Sql/servers/az900-sqlserver/firewallrules/AllowAllWindowsAzureIps",
        "resourceType": "Microsoft.Sql/servers/firewallrules",
        "resourceName": "az900-sqlserver/AllowAllWindowsAzureIps"
      }
    }
  },
  {
    "id": "/subscriptions/c2397ac1-f8a2-4424-bb35-dc8c93c1a3c7/resourceGroups/AZ900-RG/providers/Microsoft.Resources/deployments/Microsoft.SQLDatabase.newDatabaseNewServer_060233c22d8f41ceb547c/operations/0A7A18CFEF4CFE98",
    "operationId": "0A7A18CFEF4CFE98",
    "properties": {
      "provisioningOperation": "Create",
      "provisioningState": "Succeeded",
      "timestamp": "2020-04-25T15:02:55.3716215Z",
      "duration": "PT1M2.7940417S",
      "trackingId": "bedc2c03-5a24-4b45-87f4-37d9549c1ddc",
      "statusCode": "Created",
      "targetResource": {
        "id": "/subscriptions/c2397ac1-f8a2-4424-bb35-dc8c93c1a3c7/resourceGroups/AZ900-RG/providers/Microsoft.Sql/servers/az900-sqlserver",
        "resourceType": "Microsoft.Sql/servers",
        "resourceName": "az900-sqlserver"
      }
    }
  }
]