{
  "id": "/subscriptions/c2397ac1-f8a2-4424-bb35-dc8c93c1a3c7/resourceGroups/AZ900-RG/providers/Microsoft.Resources/deployments/Microsoft.ContainerInstances-20200420171146",
  "name": "Microsoft.ContainerInstances-20200420171146",
  "type": "Microsoft.Resources/deployments",
  "tags": {
    "primaryResourceId": "/subscriptions/c2397ac1-f8a2-4424-bb35-dc8c93c1a3c7/resourcegroups/AZ900-RG/providers/Microsoft.ContainerInstance/containerGroups/az900-container99999",
    "marketplaceItemId": "Microsoft.ContainerInstances"
  },
  "properties": {
    "templateHash": "10277611185003866123",
    "parameters": {
      "location": {
        "type": "String",
        "value": "westeurope"
      },
      "containerName": {
        "type": "String",
        "value": "az900-container99999"
      },
      "imageType": {
        "type": "String",
        "value": "Public"
      },
      "imageName": {
        "type": "String",
        "value": "mcr.microsoft.com/azuredocs/aci-helloworld"
      },
      "osType": {
        "type": "String",
        "value": "Linux"
      },
      "numberCpuCores": {
        "type": "String",
        "value": "1"
      },
      "memory": {
        "type": "String",
        "value": "1.5"
      },
      "restartPolicy": {
        "type": "String",
        "value": "OnFailure"
      },
      "ipAddressType": {
        "type": "String",
        "value": "Public"
      },
      "ports": {
        "type": "Array",
        "value": [
          {
            "port": "80",
            "protocol": "TCP"
          }
        ]
      },
      "dnsNameLabel": {
        "type": "String",
        "value": "az900-container99999"
      }
    },
    "mode": "Incremental",
    "debugSetting": {
      "detailLevel": "None"
    },
    "provisioningState": "Succeeded",
    "timestamp": "2020-04-20T11:45:17.0256234Z",
    "duration": "PT50.8018491S",
    "correlationId": "fc6ef5af-9b6a-4209-a0b0-34d6a53bc16e",
    "providers": [
      {
        "namespace": "Microsoft.ContainerInstance",
        "resourceTypes": [
          {
            "resourceType": "containerGroups",
            "locations": [
              "westeurope"
            ]
          }
        ]
      }
    ],
    "dependencies": [],
    "outputResources": [
      {
        "id": "/subscriptions/c2397ac1-f8a2-4424-bb35-dc8c93c1a3c7/resourceGroups/AZ900-RG/providers/Microsoft.ContainerInstance/containerGroups/az900-container99999"
      }
    ],
    "validationLevel": "Template"
  }
}