[
  {
    "id": "/subscriptions/c2397ac1-f8a2-4424-bb35-dc8c93c1a3c7/resourceGroups/AZ900-RG/providers/Microsoft.Resources/deployments/Microsoft.ContainerInstances-20200420171146/operations/7F25A69BED75E67E",
    "operationId": "7F25A69BED75E67E",
    "properties": {
      "provisioningOperation": "Create",
      "provisioningState": "Succeeded",
      "timestamp": "2020-04-20T11:45:16.9234867Z",
      "duration": "PT47.5195277S",
      "trackingId": "131a705f-3ac0-41fa-8679-04de33d8c96c",
      "statusCode": "OK",
      "targetResource": {
        "id": "/subscriptions/c2397ac1-f8a2-4424-bb35-dc8c93c1a3c7/resourceGroups/AZ900-RG/providers/Microsoft.ContainerInstance/containerGroups/az900-container99999",
        "resourceType": "Microsoft.ContainerInstance/containerGroups",
        "resourceName": "az900-container99999"
      }
    }
  },
  {
    "id": "/subscriptions/c2397ac1-f8a2-4424-bb35-dc8c93c1a3c7/resourceGroups/AZ900-RG/providers/Microsoft.Resources/deployments/Microsoft.ContainerInstances-20200420171146/operations/08586142238192538594",
    "operationId": "08586142238192538594",
    "properties": {
      "provisioningOperation": "EvaluateDeploymentOutput",
      "provisioningState": "Succeeded",
      "timestamp": "2020-04-20T11:45:17.004408Z",
      "duration": "PT0.0396195S",
      "trackingId": "22949301-8fe7-4523-a054-b6447b1d6e77",
      "statusCode": "OK",
      "statusMessage": null
    }
  }
]