{
  "id": "/subscriptions/c2397ac1-f8a2-4424-bb35-dc8c93c1a3c7/resourceGroups/AZ900-RG/providers/Microsoft.Resources/deployments/Microsoft.Web-FunctionApp-Portal-beaa3584-9541",
  "name": "Microsoft.Web-FunctionApp-Portal-beaa3584-9541",
  "type": "Microsoft.Resources/deployments",
  "tags": {
    "primaryResourceId": "/subscriptions/c2397ac1-f8a2-4424-bb35-dc8c93c1a3c7/resourcegroups/AZ900-RG/providers/Microsoft.Web/sites/AZ900-AzureFunctionApp",
    "marketplaceItemId": "Microsoft.FunctionApp",
    "provisioningHash": "customize-to-open-functionapp-iframe-blade"
  },
  "properties": {
    "templateHash": "15263778338023816878",
    "parameters": {
      "subscriptionId": {
        "type": "String",
        "value": "c2397ac1-f8a2-4424-bb35-dc8c93c1a3c7"
      },
      "name": {
        "type": "String",
        "value": "AZ900-AzureFunctionApp"
      },
      "location": {
        "type": "String",
        "value": "West US"
      },
      "hostingEnvironment": {
        "type": "String",
        "value": ""
      },
      "hostingPlanName": {
        "type": "String",
        "value": "ASP-AZ900RG-8416"
      },
      "serverFarmResourceGroup": {
        "type": "String",
        "value": "AZ900-RG"
      },
      "alwaysOn": {
        "type": "Bool",
        "value": false
      },
      "storageAccountName": {
        "type": "String",
        "value": "storageaccountaz9008e68"
      },
      "linuxFxVersion": {
        "type": "String",
        "value": ""
      },
      "sku": {
        "type": "String",
        "value": "Dynamic"
      },
      "skuCode": {
        "type": "String",
        "value": "Y1"
      },
      "workerSize": {
        "type": "String",
        "value": "0"
      },
      "workerSizeId": {
        "type": "String",
        "value": "0"
      },
      "numberOfWorkers": {
        "type": "String",
        "value": "1"
      }
    },
    "mode": "Incremental",
    "debugSetting": {
      "detailLevel": "None"
    },
    "provisioningState": "Succeeded",
    "timestamp": "2020-04-21T13:29:00.6772569Z",
    "duration": "PT1M14.6368218S",
    "correlationId": "7267f13c-fb51-43f4-a294-dcf8bed28f46",
    "providers": [
      {
        "namespace": "Microsoft.Web",
        "resourceTypes": [
          {
            "resourceType": "sites",
            "locations": [
              "westus"
            ]
          },
          {
            "resourceType": "serverfarms",
            "locations": [
              "westus"
            ]
          }
        ]
      },
      {
        "namespace": "microsoft.insights",
        "resourceTypes": [
          {
            "resourceType": "components",
            "locations": [
              "westus"
            ]
          }
        ]
      },
      {
        "namespace": "Microsoft.Storage",
        "resourceTypes": [
          {
            "resourceType": "storageAccounts",
            "locations": [
              "westus"
            ]
          }
        ]
      }
    ],
    "dependencies": [
      {
        "dependsOn": [
          {
            "id": "/subscriptions/c2397ac1-f8a2-4424-bb35-dc8c93c1a3c7/resourceGroups/AZ900-RG/providers/microsoft.insights/components/AZ900-AzureFunctionApp202004211857",
            "resourceType": "microsoft.insights/components",
            "resourceName": "AZ900-AzureFunctionApp202004211857"
          },
          {
            "id": "/subscriptions/c2397ac1-f8a2-4424-bb35-dc8c93c1a3c7/resourceGroups/AZ900-RG/providers/Microsoft.Web/serverfarms/ASP-AZ900RG-8416",
            "resourceType": "Microsoft.Web/serverfarms",
            "resourceName": "ASP-AZ900RG-8416"
          },
          {
            "id": "/subscriptions/c2397ac1-f8a2-4424-bb35-dc8c93c1a3c7/resourceGroups/AZ900-RG/providers/Microsoft.Storage/storageAccounts/storageaccountaz9008e68",
            "resourceType": "Microsoft.Storage/storageAccounts",
            "resourceName": "storageaccountaz9008e68"
          },
          {
            "id": "/subscriptions/c2397ac1-f8a2-4424-bb35-dc8c93c1a3c7/resourceGroups/AZ900-RG/providers/microsoft.insights/components/AZ900-AzureFunctionApp202004211857",
            "resourceType": "microsoft.insights/components",
            "resourceName": "AZ900-AzureFunctionApp202004211857",
            "apiVersion": "2015-05-01"
          },
          {
            "id": "/subscriptions/c2397ac1-f8a2-4424-bb35-dc8c93c1a3c7/resourceGroups/AZ900-RG/providers/Microsoft.Storage/storageAccounts/storageaccountaz9008e68",
            "resourceType": "Microsoft.Storage/storageAccounts",
            "resourceName": "storageaccountaz9008e68",
            "actionName": "listKeys",
            "apiVersion": "2019-06-01"
          }
        ],
        "id": "/subscriptions/c2397ac1-f8a2-4424-bb35-dc8c93c1a3c7/resourceGroups/AZ900-RG/providers/Microsoft.Web/sites/AZ900-AzureFunctionApp",
        "resourceType": "Microsoft.Web/sites",
        "resourceName": "AZ900-AzureFunctionApp"
      }
    ],
    "outputResources": [
      {
        "id": "/subscriptions/c2397ac1-f8a2-4424-bb35-dc8c93c1a3c7/resourceGroups/AZ900-RG/providers/microsoft.insights/components/AZ900-AzureFunctionApp202004211857"
      },
      {
        "id": "/subscriptions/c2397ac1-f8a2-4424-bb35-dc8c93c1a3c7/resourceGroups/AZ900-RG/providers/Microsoft.Storage/storageAccounts/storageaccountaz9008e68"
      },
      {
        "id": "/subscriptions/c2397ac1-f8a2-4424-bb35-dc8c93c1a3c7/resourceGroups/AZ900-RG/providers/Microsoft.Web/serverfarms/ASP-AZ900RG-8416"
      },
      {
        "id": "/subscriptions/c2397ac1-f8a2-4424-bb35-dc8c93c1a3c7/resourceGroups/AZ900-RG/providers/Microsoft.Web/sites/AZ900-AzureFunctionApp"
      }
    ],
    "validationLevel": "Template"
  }
}