[
  {
    "id": "/subscriptions/c2397ac1-f8a2-4424-bb35-dc8c93c1a3c7/resourceGroups/AZ900-RG/providers/Microsoft.Resources/deployments/Microsoft.Web-FunctionApp-Portal-beaa3584-9541/operations/C65CA217B8B20619",
    "operationId": "C65CA217B8B20619",
    "properties": {
      "provisioningOperation": "Action",
      "provisioningState": "Succeeded",
      "timestamp": "2020-04-21T13:28:17.5875624Z",
      "duration": "PT0.3708719S",
      "trackingId": "3a60df85-f921-44b4-b62a-d79d123b0e8d",
      "statusCode": "OK",
      "targetResource": {
        "id": "/subscriptions/c2397ac1-f8a2-4424-bb35-dc8c93c1a3c7/resourceGroups/AZ900-RG/providers/Microsoft.Storage/storageAccounts/storageaccountaz9008e68",
        "resourceType": "Microsoft.Storage/storageAccounts",
        "resourceName": "storageaccountaz9008e68",
        "actionName": "listKeys",
        "apiVersion": "2019-06-01"
      }
    }
  },
  {
    "id": "/subscriptions/c2397ac1-f8a2-4424-bb35-dc8c93c1a3c7/resourceGroups/AZ900-RG/providers/Microsoft.Resources/deployments/Microsoft.Web-FunctionApp-Portal-beaa3584-9541/operations/4AA92F48606336B5",
    "operationId": "4AA92F48606336B5",
    "properties": {
      "provisioningOperation": "Create",
      "provisioningState": "Succeeded",
      "timestamp": "2020-04-21T13:27:57.8634434Z",
      "duration": "PT8.7993867S",
      "trackingId": "7430d988-183b-49cf-91b2-35cfe92049d2",
      "statusCode": "OK",
      "targetResource": {
        "id": "/subscriptions/c2397ac1-f8a2-4424-bb35-dc8c93c1a3c7/resourceGroups/AZ900-RG/providers/Microsoft.Web/serverfarms/ASP-AZ900RG-8416",
        "resourceType": "Microsoft.Web/serverfarms",
        "resourceName": "ASP-AZ900RG-8416"
      }
    }
  },
  {
    "id": "/subscriptions/c2397ac1-f8a2-4424-bb35-dc8c93c1a3c7/resourceGroups/AZ900-RG/providers/Microsoft.Resources/deployments/Microsoft.Web-FunctionApp-Portal-beaa3584-9541/operations/A83E7CFB217213A4",
    "operationId": "A83E7CFB217213A4",
    "properties": {
      "provisioningOperation": "Read",
      "provisioningState": "Succeeded",
      "timestamp": "2020-04-21T13:27:56.3083832Z",
      "duration": "PT0.3484272S",
      "trackingId": "ed883cbc-0d33-49cc-9680-3512c63782fe",
      "statusCode": "OK",
      "targetResource": {
        "id": "/subscriptions/c2397ac1-f8a2-4424-bb35-dc8c93c1a3c7/resourceGroups/AZ900-RG/providers/microsoft.insights/components/AZ900-AzureFunctionApp202004211857",
        "resourceType": "microsoft.insights/components",
        "resourceName": "AZ900-AzureFunctionApp202004211857",
        "apiVersion": "2015-05-01"
      }
    }
  },
  {
    "id": "/subscriptions/c2397ac1-f8a2-4424-bb35-dc8c93c1a3c7/resourceGroups/AZ900-RG/providers/Microsoft.Resources/deployments/Microsoft.Web-FunctionApp-Portal-beaa3584-9541/operations/9E78FAD2B239CA7A",
    "operationId": "9E78FAD2B239CA7A",
    "properties": {
      "provisioningOperation": "Create",
      "provisioningState": "Succeeded",
      "timestamp": "2020-04-21T13:27:55.8675199Z",
      "duration": "PT6.8034632S",
      "trackingId": "f1caddaa-35ef-4fe2-bb0d-e54020673b8b",
      "statusCode": "OK",
      "targetResource": {
        "id": "/subscriptions/c2397ac1-f8a2-4424-bb35-dc8c93c1a3c7/resourceGroups/AZ900-RG/providers/microsoft.insights/components/AZ900-AzureFunctionApp202004211857",
        "resourceType": "microsoft.insights/components",
        "resourceName": "AZ900-AzureFunctionApp202004211857"
      }
    }
  },
  {
    "id": "/subscriptions/c2397ac1-f8a2-4424-bb35-dc8c93c1a3c7/resourceGroups/AZ900-RG/providers/Microsoft.Resources/deployments/Microsoft.Web-FunctionApp-Portal-beaa3584-9541/operations/9135DA5BED7897A0",
    "operationId": "9135DA5BED7897A0",
    "properties": {
      "provisioningOperation": "Create",
      "provisioningState": "Succeeded",
      "timestamp": "2020-04-21T13:28:17.0840879Z",
      "duration": "PT28.0200312S",
      "trackingId": "60b55fea-a104-4ff0-a05b-bdde4f582340",
      "statusCode": "OK",
      "targetResource": {
        "id": "/subscriptions/c2397ac1-f8a2-4424-bb35-dc8c93c1a3c7/resourceGroups/AZ900-RG/providers/Microsoft.Storage/storageAccounts/storageaccountaz9008e68",
        "resourceType": "Microsoft.Storage/storageAccounts",
        "resourceName": "storageaccountaz9008e68"
      }
    }
  }
]