{
  "id": "/subscriptions/c2397ac1-f8a2-4424-bb35-dc8c93c1a3c7/resourceGroups/AZ900-RG/providers/Microsoft.Resources/deployments/Microsoft.EmptyWorkflow",
  "name": "Microsoft.EmptyWorkflow",
  "type": "Microsoft.Resources/deployments",
  "tags": {
    "primaryResourceId": "/subscriptions/c2397ac1-f8a2-4424-bb35-dc8c93c1a3c7/resourcegroups/AZ900-RG/providers/Microsoft.Logic/workflows/AZ900-LogicApp",
    "marketplaceItemId": "Microsoft.EmptyWorkflow"
  },
  "properties": {
    "templateLink": {
      "uri": "https://catalogartifact.azureedge.net/publicartifacts/Microsoft.EmptyWorkflow-1.0.16/LogicApp_ConsumptionPlan_New.json",
      "contentVersion": "1.0.0.0"
    },
    "templateHash": "16693501398943048478",
    "parameters": {
      "logicAppApiVersion": {
        "type": "String",
        "value": "2016-10-01"
      },
      "workflowName": {
        "type": "String",
        "value": "AZ900-LogicApp"
      },
      "workflowLocation": {
        "type": "String",
        "value": "westus"
      },
      "workflowSchema": {
        "type": "String",
        "value": "https://schema.management.azure.com/providers/Microsoft.Logic/schemas/2016-06-01/workflowdefinition.json#"
      },
      "logicAppState": {
        "type": "String",
        "value": "Enabled"
      },
      "definition": {
        "type": "String",
        "value": "{\"contentVersion\":\"1.0.0.0\",\"parameters\":{},\"actions\":{},\"triggers\":{},\"outputs\":{},\"$schema\":\"https://schema.management.azure.com/providers/Microsoft.Logic/schemas/2016-06-01/workflowdefinition.json#\"}"
      },
      "parameters": {
        "type": "Object",
        "value": {}
      },
      "tags": {
        "type": "Object",
        "value": {}
      }
    },
    "mode": "Incremental",
    "debugSetting": {
      "detailLevel": "None"
    },
    "provisioningState": "Succeeded",
    "timestamp": "2020-04-22T03:16:24.5071806Z",
    "duration": "PT8.5933906S",
    "correlationId": "1a8da53f-98ae-4eab-9bfe-a6a9316e92e6",
    "providers": [
      {
        "namespace": "Microsoft.Logic",
        "resourceTypes": [
          {
            "resourceType": "workflows",
            "locations": [
              "westus"
            ]
          }
        ]
      }
    ],
    "dependencies": [],
    "outputResources": [
      {
        "id": "/subscriptions/c2397ac1-f8a2-4424-bb35-dc8c93c1a3c7/resourceGroups/AZ900-RG/providers/Microsoft.Logic/workflows/AZ900-LogicApp"
      }
    ],
    "validationLevel": "Template"
  }
}