[
  {
    "id": "/subscriptions/c2397ac1-f8a2-4424-bb35-dc8c93c1a3c7/resourceGroups/AZ900-RG/providers/Microsoft.Resources/deployments/Microsoft.Azure.CosmosDB-20200425164849/operations/C0AB9A1EF3EFF8EB",
    "operationId": "C0AB9A1EF3EFF8EB",
    "properties": {
      "provisioningOperation": "Create",
      "provisioningState": "Succeeded",
      "timestamp": "2020-04-25T11:30:23.8524083Z",
      "duration": "PT9M43.9298286S",
      "trackingId": "5a68eda2-56db-48a1-9cfc-b288bc457e1c",
      "statusCode": "OK",
      "targetResource": {
        "id": "/subscriptions/c2397ac1-f8a2-4424-bb35-dc8c93c1a3c7/resourceGroups/AZ900-RG/providers/Microsoft.DocumentDb/databaseAccounts/az900-dbaccount",
        "resourceType": "Microsoft.DocumentDb/databaseAccounts",
        "resourceName": "az900-dbaccount"
      }
    }
  },
  {
    "id": "/subscriptions/c2397ac1-f8a2-4424-bb35-dc8c93c1a3c7/resourceGroups/AZ900-RG/providers/Microsoft.Resources/deployments/Microsoft.Azure.CosmosDB-20200425164849/operations/08586137932485324199",
    "operationId": "08586137932485324199",
    "properties": {
      "provisioningOperation": "EvaluateDeploymentOutput",
      "provisioningState": "Succeeded",
      "timestamp": "2020-04-25T11:30:24.014498Z",
      "duration": "PT0.0488276S",
      "trackingId": "bcd15993-9745-4b8b-9bbc-c8592f16ba5b",
      "statusCode": "OK",
      "statusMessage": null
    }
  }
]