{
  "id": "/subscriptions/c2397ac1-f8a2-4424-bb35-dc8c93c1a3c7/resourceGroups/AZ900-RG/providers/Microsoft.Resources/deployments/Microsoft.Azure.CosmosDB-20200425164849",
  "name": "Microsoft.Azure.CosmosDB-20200425164849",
  "type": "Microsoft.Resources/deployments",
  "tags": {
    "primaryResourceId": "/subscriptions/c2397ac1-f8a2-4424-bb35-dc8c93c1a3c7/resourcegroups/AZ900-RG/providers/Microsoft.DocumentDB/databaseAccounts/az900-dbaccount",
    "marketplaceItemId": "Microsoft.DocumentDB"
  },
  "properties": {
    "templateHash": "3013113826076104859",
    "parameters": {
      "name": {
        "type": "String",
        "value": "az900-dbaccount"
      },
      "location": {
        "type": "String",
        "value": "westus"
      },
      "locationName": {
        "type": "String",
        "value": "West US"
      },
      "defaultExperience": {
        "type": "String",
        "value": "Core (SQL)"
      },
      "isZoneRedundant": {
        "type": "String",
        "value": "false"
      }
    },
    "mode": "Incremental",
    "debugSetting": {
      "detailLevel": "None"
    },
    "provisioningState": "Succeeded",
    "timestamp": "2020-04-25T11:30:24.0444167Z",
    "duration": "PT9M47.0992164S",
    "correlationId": "929e6bcb-677b-466d-934e-2eb9d9824f3e",
    "providers": [
      {
        "namespace": "Microsoft.DocumentDb",
        "resourceTypes": [
          {
            "resourceType": "databaseAccounts",
            "locations": [
              "westus"
            ]
          }
        ]
      }
    ],
    "dependencies": [],
    "outputs": {},
    "outputResources": [
      {
        "id": "/subscriptions/c2397ac1-f8a2-4424-bb35-dc8c93c1a3c7/resourceGroups/AZ900-RG/providers/Microsoft.DocumentDb/databaseAccounts/az900-dbaccount"
      }
    ],
    "validationLevel": "Template"
  }
}