{
  "id": "/subscriptions/c2397ac1-f8a2-4424-bb35-dc8c93c1a3c7/resourceGroups/AZ900-RG/providers/Microsoft.Resources/deployments/Microsoft.MySQLServer.createMySqlServer_384aefd34c584e4db7f7a8cc",
  "name": "Microsoft.MySQLServer.createMySqlServer_384aefd34c584e4db7f7a8cc",
  "type": "Microsoft.Resources/deployments",
  "tags": {
    "primaryResourceId": "/subscriptions/c2397ac1-f8a2-4424-bb35-dc8c93c1a3c7/resourceGroups/AZ900-RG/providers/Microsoft.DBforMySQL/servers/az900-mysqlserver",
    "marketplaceItemId": "Microsoft.MySQLServer"
  },
  "properties": {
    "templateHash": "6729529584021110968",
    "parameters": {
      "administratorLogin": {
        "type": "String",
        "value": "PrashantWalunj"
      },
      "administratorLoginPassword": {
        "type": "SecureString"
      },
      "location": {
        "type": "String",
        "value": "westus"
      },
      "serverName": {
        "type": "String",
        "value": "az900-mysqlserver"
      },
      "skuCapacity": {
        "type": "Int",
        "value": 2
      },
      "skuFamily": {
        "type": "String",
        "value": "Gen5"
      },
      "skuName": {
        "type": "String",
        "value": "B_Gen5_2"
      },
      "skuSizeMB": {
        "type": "Int",
        "value": 51200
      },
      "skuTier": {
        "type": "String",
        "value": "Basic"
      },
      "version": {
        "type": "String",
        "value": "5.7"
      },
      "backupRetentionDays": {
        "type": "Int",
        "value": 7
      },
      "geoRedundantBackup": {
        "type": "String",
        "value": "Disabled"
      },
      "previewFeature": {
        "type": "String",
        "value": ""
      },
      "tags": {
        "type": "Object",
        "value": {
          "Name ": "az900-mysqlserver",
          "Tag": "AZ900"
        }
      },
      "storageAutoGrow": {
        "type": "String",
        "value": "Enabled"
      },
      "infrastructureEncryption": {
        "type": "String",
        "value": "Disabled"
      }
    },
    "mode": "Incremental",
    "debugSetting": {
      "detailLevel": "None"
    },
    "provisioningState": "Succeeded",
    "timestamp": "2020-04-27T06:31:57.8639061Z",
    "duration": "PT2M22.543406S",
    "correlationId": "26627982-7c2d-4cc7-8ba1-6f1fa1fae055",
    "providers": [
      {
        "namespace": "Microsoft.DBforMySQL",
        "resourceTypes": [
          {
            "resourceType": "servers",
            "locations": [
              "westus"
            ]
          }
        ]
      }
    ],
    "dependencies": [],
    "outputResources": [
      {
        "id": "/subscriptions/c2397ac1-f8a2-4424-bb35-dc8c93c1a3c7/resourceGroups/AZ900-RG/providers/Microsoft.DBforMySQL/servers/az900-mysqlserver"
      }
    ],
    "validationLevel": "Template"
  }
}