[
  {
    "id": "/subscriptions/c2397ac1-f8a2-4424-bb35-dc8c93c1a3c7/resourceGroups/AZ900-RG/providers/Microsoft.Resources/deployments/Microsoft.MySQLServer.createMySqlServer_384aefd34c584e4db7f7a8cc/operations/0D29E800FEF2E94E",
    "operationId": "0D29E800FEF2E94E",
    "properties": {
      "provisioningOperation": "Create",
      "provisioningState": "Succeeded",
      "timestamp": "2020-04-27T06:31:57.7395759Z",
      "duration": "PT2M18.7611772S",
      "trackingId": "8a6aec64-75b2-4e59-a7ac-8daa94284f9b",
      "statusCode": "Created",
      "targetResource": {
        "id": "/subscriptions/c2397ac1-f8a2-4424-bb35-dc8c93c1a3c7/resourceGroups/AZ900-RG/providers/Microsoft.DBforMySQL/servers/az900-mysqlserver",
        "resourceType": "Microsoft.DBforMySQL/servers",
        "resourceName": "az900-mysqlserver"
      }
    }
  },
  {
    "id": "/subscriptions/c2397ac1-f8a2-4424-bb35-dc8c93c1a3c7/resourceGroups/AZ900-RG/providers/Microsoft.Resources/deployments/Microsoft.MySQLServer.createMySqlServer_384aefd34c584e4db7f7a8cc/operations/08586136379101571503",
    "operationId": "08586136379101571503",
    "properties": {
      "provisioningOperation": "EvaluateDeploymentOutput",
      "provisioningState": "Succeeded",
      "timestamp": "2020-04-27T06:31:57.8368734Z",
      "duration": "PT0.0461367S",
      "trackingId": "8b285dc7-1526-4cbf-8b01-8bf4e5709a18",
      "statusCode": "OK",
      "statusMessage": null
    }
  }
]