{
  "id": "/subscriptions/c2397ac1-f8a2-4424-bb35-dc8c93c1a3c7/resourceGroups/AZ900-RG/providers/Microsoft.Resources/deployments/Microsoft.PostgreSQLServer.createPostgreSqlServer_343080717fa24c",
  "name": "Microsoft.PostgreSQLServer.createPostgreSqlServer_343080717fa24c",
  "type": "Microsoft.Resources/deployments",
  "tags": {
    "primaryResourceId": "/subscriptions/c2397ac1-f8a2-4424-bb35-dc8c93c1a3c7/resourceGroups/AZ900-RG/providers/Microsoft.DBforPostgreSQL/servers/az900-postgresql",
    "marketplaceItemId": "Microsoft.PostgreSQLServer"
  },
  "properties": {
    "templateHash": "12182925163823732119",
    "parameters": {
      "administratorLogin": {
        "type": "String",
        "value": "PrashantWalunj"
      },
      "administratorLoginPassword": {
        "type": "SecureString"
      },
      "location": {
        "type": "String",
        "value": "westus"
      },
      "serverName": {
        "type": "String",
        "value": "az900-postgresql"
      },
      "skuCapacity": {
        "type": "Int",
        "value": 2
      },
      "skuFamily": {
        "type": "String",
        "value": "Gen5"
      },
      "skuName": {
        "type": "String",
        "value": "B_Gen5_2"
      },
      "skuSizeMB": {
        "type": "Int",
        "value": 51200
      },
      "skuTier": {
        "type": "String",
        "value": "Basic"
      },
      "version": {
        "type": "String",
        "value": "10"
      },
      "backupRetentionDays": {
        "type": "Int",
        "value": 7
      },
      "geoRedundantBackup": {
        "type": "String",
        "value": "Disabled"
      },
      "previewFeature": {
        "type": "String",
        "value": ""
      },
      "tags": {
        "type": "Object",
        "value": {
          "Name": "az900-postgresql",
          "Tag": "AZ900"
        }
      },
      "storageAutoGrow": {
        "type": "String",
        "value": "Enabled"
      },
      "infrastructureEncryption": {
        "type": "String",
        "value": "Disabled"
      }
    },
    "mode": "Incremental",
    "debugSetting": {
      "detailLevel": "None"
    },
    "provisioningState": "Running",
    "timestamp": "2020-04-27T08:56:23.6685702Z",
    "duration": "PT8.412308S",
    "correlationId": "332127cc-ba92-478b-ac9b-8065679668c8",
    "providers": [
      {
        "namespace": "Microsoft.DBforPostgreSQL",
        "resourceTypes": [
          {
            "resourceType": "servers",
            "locations": [
              "westus"
            ]
          }
        ]
      }
    ],
    "dependencies": [],
    "validationLevel": "Template"
  }
}