[
  {
    "id": "/subscriptions/c2397ac1-f8a2-4424-bb35-dc8c93c1a3c7/resourceGroups/AZ900-RG/providers/Microsoft.Resources/deployments/Microsoft.PostgreSQLServer.createPostgreSqlServer_343080717fa24c/operations/BDD02D1F230D6FE6",
    "operationId": "BDD02D1F230D6FE6",
    "properties": {
      "provisioningOperation": "Create",
      "provisioningState": "Running",
      "timestamp": "2020-04-27T08:56:23.7155488Z",
      "duration": "PT5.3426284S",
      "trackingId": "0b806984-c845-450a-a9de-f679e4e3ac68",
      "statusCode": "Accepted",
      "targetResource": {
        "id": "/subscriptions/c2397ac1-f8a2-4424-bb35-dc8c93c1a3c7/resourceGroups/AZ900-RG/providers/Microsoft.DBforPostgreSQL/servers/az900-postgresql",
        "resourceType": "Microsoft.DBforPostgreSQL/servers",
        "resourceName": "az900-postgresql"
      }
    }
  }
]